<configuration>
    <springProfile name="local">
        <appender name="STDOUT" class="ch.qos.logback.core.ConsoleAppender">
            <encoder>
                <pattern>%date{"yyyy-MM-dd HH:mm:ss,SSS", Australia/Melbourne} [%thread] %-5level %logger{35} - %msg%n
                </pattern>
                <charset>utf8</charset>
            </encoder>
        </appender>

        <property name="LOG_DIR" value="build/logs/"/>

        <appender name="FILE" class="ch.qos.logback.core.rolling.RollingFileAppender">

            <file>${LOG_DIR}/token-service.log</file>

            <rollingPolicy class="ch.qos.logback.core.rolling.SizeAndTimeBasedRollingPolicy">
                <fileNamePattern>${LOG_DIR}/AUXService-%d{yyyy-MM-dd, Australia/Melbourne}.%i.log</fileNamePattern>
                <maxFileSize>10MB</maxFileSize>
                <maxHistory>30</maxHistory>
                <totalSizeCap>10GB</totalSizeCap>
            </rollingPolicy>

            <append>true</append>

            <encoder>
                <pattern>%date{"yyyy-MM-dd HH:mm:ss,SSS", Australia/Melbourne} [%thread] %-5level %logger{35} - %msg%n
                </pattern>
            </encoder>

        </appender>

        <root level="DEBUGs">
            <appender-ref ref="FILE"/>
            <appender-ref ref="STDOUT"/>
        </root>

    </springProfile>
    <springProfile name="dev">
        <appender name="STDOUT" class="ch.qos.logback.core.ConsoleAppender">
            <encoder>
                <pattern>%date{"yyyy-MM-dd HH:mm:ss,SSS", Australia/Melbourne} [%thread] %-5level %logger{35} - %msg%n
                </pattern>
                <charset>utf8</charset>
            </encoder>
        </appender>

        <property name="LOG_DIR" value="build/logs/"/>

        <appender name="FILE" class="ch.qos.logback.core.rolling.RollingFileAppender">

            <file>${LOG_DIR}/Payment-service.log</file>

            <rollingPolicy class="ch.qos.logback.core.rolling.SizeAndTimeBasedRollingPolicy">
                <fileNamePattern>${LOG_DIR}/PaymentService-%d{yyyy-MM-dd, Australia/Melbourne}.%i.log</fileNamePattern>
                <maxFileSize>10MB</maxFileSize>
                <maxHistory>30</maxHistory>
                <totalSizeCap>10GB</totalSizeCap>
            </rollingPolicy>

            <append>true</append>

            <encoder>
                <pattern>%date{"yyyy-MM-dd HH:mm:ss,SSS", Australia/Melbourne} [%thread] %-5level %logger{35} - %msg%n
                </pattern>
            </encoder>

        </appender>

        <root level="DEBUGs">
            <appender-ref ref="FILE"/>
            <appender-ref ref="STDOUT"/>
        </root>

    </springProfile>

</configuration>
