{
  "containerDefinitions": [
    {
      "memory": 1400,
      "portMappings": [
        {
          "hostPort": 8080,
          "containerPort": 8080,
          "protocol": "tcp"
        }
      ],
      "essential": true,
      "name": "preference-service",
      "image": "652299490072.dkr.ecr.ap-southeast-2.amazonaws.com/medibank-digital/preference-service:%IMAGE_VERSION%",
	   "environment": [
        { "name" : "ENVIRONMENT", "value" : "%ENVIRONMENT%"},
        { "name" : "ENVIRONMENT_STACK", "value" : "%ENVIRONMENT_STACK%"}
      ],
	  "command": ["./start-server.sh"]
    }
  ]
}